,id,channel,publishedAt,title,description,views,likes,dislikes
0,6CsJZxfZsL0,Marques Brownlee,2022-05-12 16:01:05+00:00,"Sony WH-1000XM5 Review: Two Steps Forward, One Step Back!","Sony's MK5 noise cancelling headphones are still king of the hill, Sony WH1000XM5: https://amzn.to/3woD6Yj Sony WH1000XM4: https://amzn.to/3L88gsg  MKBHD Merch: http://shop.MKBHD.com  Tech I'm using right now: https://www.amazon.com/shop/MKBHD  Intro Track: http://youtube.com/20syl Playlist of MKBHD Intro music: https://goo.gl/B3AWV5  Headphones provided by Sony for review.  ~ http://twitter.com/MKBHD http://instagram.com/MKBHD http://facebook.com/MKBHD",4898209,166456,0
1,v6EjmbMgv80,Sony - Global,2022-05-12 16:00:27+00:00,Sony Noise Cancelling Headphones WH-1000XM5 Official Product Video,"YOUR WORLD. NOTHING ELSE. See how the WH-1000XM5 headphones combine our best ever noise cancelling with exceptional sound quality, superior noise-free calls and ultra comfortable design.  Official WEB page: https://www.sony.co.uk/electronics/headband-headphones/wh-1000xm5  #Sony #WH1000XM5 #YourWorldNothingElse",927870,22788,0
2,dEHYA-jACoU,6 Months Later,2022-11-21 15:30:15+00:00,Sony WH-1000XM5 Headphones Review - 6 Months Later,"The  Sony WH-1000XM5s are one of the best Bluetooth wireless headphones on the market, but is it a pair everyone should pick up? After spending more than 6 months with each one, we definitely have opinions on who these headphones are for and some of the shortcomings with these headphones comfort.   We'll walk you top features like battery life, hardware design, transparency mode, how good their mics and sound profile is, the EQ setting in the Sony Headphones app, their typical price, color, Atmos and spatial audio support an  who should go for the WH-1000XM5s.   üõí Purchase Links (Affiliate Links):  AirPods Max: https://amzn.to/3ElJbZF Sony WH-1000XM5s: https://amzn.to/3Ow9uBb Sony WF-1000XM4s: https://amzn.to/3Ay5XfA  Shop all of our recommended products on Amazon: https://amzn.to/3XhxZFS  AirPods Max vs. Sony WH-1000XM5: https://www.youtube.com/watch?v=OnnHTKrTeAA Sony WH-1000XM4 Review - 6 Months Later: https://www.youtube.com/watch?v=0L4tO4HDjnU AirPods Max Review - Revisited! https://www.youtube.com/watch?v=1Btpf4QSc24 AirPods Max Review - 6 Months Later: https://www.youtube.com/watch?v=vLaRU6pA-rM&t=451s Studio Display Review - 6 Months Later: https://www.youtube.com/watch?v=XtfVWRXv9e0  üíª Signup for our Free Monthly Newsletter!   ‚Ä¢ Get a recap of everything we publish each month ‚Ä¢ Plus exclusive hot takes and recommendations  Sign up here: https://6monthslater.substack.com/?showWelcome=true  Follow Josh on:  Twitter: https://twitter.com/JoshTeder Instagram: https://www.instagram.com/joshteder/  Other helpful links:  Video production equipment we use:  https://amzn.to/3Ejc1JR  0:00 - Battery Life and Noise Cancellation 1:03 - Sony Headphones App 1:32 - Sound Quality & Profile 2:31 - Hardware design & Weight 3:01 - Comfort issues 4:12 - Adaptive Sound Control  5:27 - Transparency Mode 5:49 - Mic Quality & Atheistic 6:21 - Recommendation --------------------------------------------------------------------------------- 6 Months Later website: https://6-months-later.com 6 Months Later Amazon storefront: www.amazon.com/shop/6monthslaterreviews ‚Äì‚Äì‚Äì‚Äì‚Äì‚Äì‚Äì‚Äì‚Äì‚Äì‚Äì‚Äì‚Äì‚Äì‚Äì‚Äì‚Äì‚Äì‚Äì‚Äì‚Äì‚Äì‚Äì‚Äì‚Äì‚Äì‚Äì‚Äì‚Äì‚Äì  Any music used is licensed from artlist.io   Any Pixel devices devices seen in our videos were provided to the channel by Google except for the Pixel 6 which the channel purchased.   Any Amazon links we provide in our descriptions are in conjunction with our Amazon partnership.  The channel receives a small percentage of revenue from any sales generated by viewers clicking the links.   #xm5 #sony  #wh1000xm5",79254,890,0
3,BdvOuKTi3CE,Digital Trends,2022-05-18 14:15:01+00:00,Sony WH-1000XM5 vs. WH-1000XM4 | Time to upgrade?,"For now, the Sony WH-1000XM5 do not replace the XM4; instead, they are considered by Sony to be an upgrade. As the more expensive model, do they pack enough improvements to be worth the added cost? We put the two head-to-head to find out whether the XM5 deserve a few more of your hard-earned money.   Sony WH-1000XM5 Headphones available here - https://bit.ly/3FRKCiQ  Sony WH-1000XM4 Headphones available here - https://bit.ly/3a7KbFk  Read more about these headphones here - https://www.digitaltrends.com/home-theater/sony-wh-1000xm5-vs-wh-1000xm4/  00:00 Intro 01:27 Unboxing Experience 01:56 Cases & Accessories 03:38 Design 04:02 Comfort 04:37 Battery 05:16 Noise-Canceling 06:20 Call Quality 07:00 Audio Quality 07:54 So which headphones are best?  SUBSCRIBE FOR THE LATEST VIDEOS http://bit.ly/DTYouTubeSub  VISIT DIGITAL TRENDS  https://www.digitaltrends.com/  In our studio: BDI Corridor Media Console: https://bit.ly/2u1IMrs   https://amzn.to/2JtnA8v KEF Q750 Floorstanding Speakers: https://amzn.to/3cCCwhb Music: https://artlist.io/Digital-142302  Digital Trends may earn a commission when you buy through links on our channels.  FOLLOW US! https://www.facebook.com/digitaltrends https://twitter.com/digitaltrends https://www.instagram.com/digitaltrends  #SonyWH1000XM5 #SonyWH1000XM4 #VS #Headphones #Review #Comparison #SonyXM5 #SonyXM4 #DigitalTrends #BoseANC700 #AppleAirPodsMax",577010,13239,0
4,zolOnpuOHaA,ShortCircuit,2022-05-12 21:15:42+00:00,I've been SPOILED! - Sony WH-1000XM5,"If you're reading this, you probably missed your chance to get a discount on all dbrand products. Use offer code FOURFOOTNINE for 15% off at http://dbrand.com/shortlinus  Sony is dominating as a 3rd party headphone for your devices, not because they look great, but because they perform just as well as first-party headphones or sometimes better. The new Sony WH-1000XM5 are no exception as they doubled the processor and microphone for better noise canceling while keeping the same battery life. I just wish I didn't try the Sennheiser IE600.   Buy the Sony WH-1000XM5  Amazon: https://geni.us/rkIkay BHPhoto: https://geni.us/k9e6j  Purchases made through some store links may provide some compensation to Linus Media Group.  Want us to unbox something specifically for a video? Make a suggestion at https://lmg.gg/7s34e  ‚ñ∫ GET MERCH: https://lttstore.com ‚ñ∫ AFFILIATES, SPONSORS & REFERRALS: https://lmg.gg/scsponsors ‚ñ∫ PODCAST GEAR: https://lmg.gg/podcastgear ‚ñ∫ SUPPORT US ON FLOATPLANE: https://www.floatplane.com/  FOLLOW US ELSEWHERE ---------------------------------------------------   Twitter: https://twitter.com/ShrtCrctYT Instagram: https://www.instagram.com/shortcircuityt TikTok: https://www.tiktok.com/@linustech Facebook: https://www.facebook.com/ShortCircuitYT  CHAPTERS --------------------------------------------------- 0:00 - How did it happen? 0:18 - Unboxing 1:38 - Exterior impressions 2:10 - Comfort impressions 3:10 - Specs and microphone locations 4:00 - Headphone buttons and ports 4:34 - Fit adjustment and sound isolation 4:55 - Sponsor - dbrand! 6:45 - Setup and App impressions 8:00 - Ambient mode impressions 9:30 - Speak-to-chat impressions 10:32 - EQ impressions 11:07 - Audio impressions 11:28 - Price thoughts and comparison 11:40 - Audio thoughts 12:52 - Final thoughts",1661202,46728,0
5,qnEKEI4ZoHo,Hardware Savvy,2022-06-16 22:52:50+00:00,Sony WH-1000XM5 Review,"Sony wh-1000xm5 headphone sound test and review. In this video, you will see how the Sony wh-1000xm5 headphones sound like, look like and come with.",3406663,130873,0
6,UZhn-Q5OhJw,Mark Ellis Reviews,2022-08-12 14:00:15+00:00,Sony WH-1000XM5 headphones - 3 months later | Mark Ellis Reviews,"I‚Äôve been using the Sony WH-1000XM5 noise-cancelling headphones solidly for around three months now. How do they fare after extended use? And are they really worth buying over the brilliant XM4s and the competition? My findings have been‚Ä¶ interesting. Let‚Äôs get into it!  GEAR IN THIS VIDEO ‚û°Ô∏è¬† Sony XM4s: https://geni.us/B5zqp ‚û°Ô∏è¬† Sony XM5s: https://geni.us/BAYYq ‚û°Ô∏è¬† Bose 700: https://geni.us/OJJ20 ‚û°Ô∏è¬† Benks AirPods Max stand with charger: https://geni.us/EINu¬†  MY FREE ONLINE COURSES üé¨ Video editing basics in Final Cut Pro X (for YouTube success!): https://geni.us/QIfv8 üíº How to Find Your First Freelance Clients: https://geni.us/LuiNe¬† üìï How to make money on Medium: https://geni.us/dD8Z6  JOIN THE COMMUNITY! I‚Äôve built a brilliant community on Discord. Join it and gain loads more behind-the-scenes benefits by supporting this channel on Patreon: https://www.patreon.com/markellisreviews  SOME OF MY FAVOURITE THINGS ‚û°Ô∏è 1Password (try it FREE + get 25% off your first year): https://geni.us/yBXf55 ‚û°Ô∏è Paperlike for iPad mini (and all other iPads!): https://geni.us/bXXIO ‚û°Ô∏è¬†Brain.fm (the BEST app for productivity - get 20% off with code markellis): https://geni.us/YIzf4c ‚û°Ô∏è TextExpander (get 20% off!): https://geni.us/Lqep¬† ‚û°Ô∏è¬† IQUNIX F96 Coral Sea Wireless Mechanical Keyboard: https://geni.us/0WseMl ‚û°Ô∏è¬† Bose QC 45 noise-cancelling headphones: https://geni.us/VdMIIH¬† ‚û°Ô∏è¬† Logitech MX Master 3 mouse: https://geni.us/pyoR¬† ‚û°Ô∏è¬† AGPTEK USB-C Docking Station & Stand: https://geni.us/bsWRKs¬† ‚û°Ô∏è¬† Kanto YU2 3 Inch 2-Way Powered Desktop Speakers: https://geni.us/Js1V ‚û°Ô∏è¬† Kanto SUB8 8-inch Powered Subwoofer: https://geni.us/yzcQ ‚û°Ô∏è¬† Grid Studio dismantled iPhone wall art: https://geni.us/GtfxlPl ‚û°Ô∏è¬† Inateck Electronics Accessories Travel Bag Tech Organizer: https://geni.us/h42P1B¬† ‚û°Ô∏è¬† Inateck Laptop Case Sleeve for 16‚Äù MacBook Pro: https://geni.us/MQRgC¬†  LISTEN TO THE EIGHT OR SIXTEEN PODCAST üé§ Apple Podcasts: https://podcasts.apple.com/podcast/eight-or-sixteen/id1567934849 üé§ Google Podcasts: https://podcasts.google.com/feed/aHR0cHM6Ly9mZWVkLnBvZGJlYW4uY29tL21hcms1NmEvZmVlZC54bWw  JOIN THE GANG:¬† üìß Sign up to my newsletter and receive a behind-the-scenes video from me every week: https://markellisreviews.ck.page/newsletter¬†  üåç My website: https://markellisreviews.com  FOLLOW ME ON SOCIAL MEDIA üì∏ Instagram (behind the scenes stuff): https://www.instagram.com/markellisreviews/ üê¶ Twitter: https://twitter.com/mellisreviews  READ ME I write every day on Medium. Enjoy those words and many more from some of the best writers on the planet: https://markellisreviews.medium.com/membership (I earn a commission if you sign up via this referral).¬†  HIRE ME! Voiceover work, help with your own YouTube strategy - get in touch! https://markellisreviews.com/hire-me/¬†  WHAT IS THIS CHANNEL ALL ABOUT? I have zero interest in deep spec dives or long-winded comparisons. I review laptops, smartphones, tablets, headphones and the latest tech based on real experience. I'll tell you how it'll make you feel, whether or not it's worth your time (and money) and help you find the tech you need to get stuff done.  WHO AM I? I'm a UK-based freelance marketer and broke free of a regular job many years ago. Watch my videos to find the tech you need, without the jargon.  GET IN TOUCH Email: mark@markellisreviews.com  Sponsorship opportunities: https://markellisreviews.com/sponsor/  Oh, and some of the links in this description are affiliate links from which I earn a small commission!  CHAPTERS 00:00 - Intro 00:51 - The reaction 01:31 - The case 03:04 - Sound and noise cancelling 04:08 - Durability 05:20 - What about the XM4s? 07:10 - An honourable mention 08:14 - Conclusion",282088,3733,0
7,eMqUiNx3-xo,Sony Electronics Asia Pacific,2022-05-12 16:00:12+00:00,Sony | WH-1000XM5 | Your World Starts Here | Official Product Video,"Introducing the all-new WH-1000XM5 Wireless Noise Cancelling Headphones - bringing noise cancellation and sound quality to the next level. With advancements in audio technology, smart features and an all-new design, WH-1000XM5 continues to be the industry leader in noise cancellation and will enhance your everyday listening experience with pure, immersive bliss. Learn more at https://smarturl.it/sony-wh-1000xm5  #Sony #YourWorldNothingElse #WH1000XM5",14651,265,0
8,JQ2Sq0Ii0iA,juan hernandez,2023-08-31 06:11:31+00:00,Sony WH-1000XM5 Wireless Industry Leading Headphones with Auto Noise Canceling Optimizer,,10,1,0
9,9a-3r2llDjI,Mike O'Brien,2022-06-24 14:30:37+00:00,Sony WH-1000XM5  (Problems & Best Features after 1 Month Daily Use),"SONY WH-1000XM5 üëâ https://mikeobrienmedia.com/WH-1000XM5 Follow me on social media! (it's always just @mikeobrienn) Twitter: https://twitter.com/mikeobrienn Instagram: https://instagram.com/mikeobrienn TikTok: https://tiktok.com/@mikeobrienn About me: https://mikeobrienmedia.com  TOP TECH DEALS (Updated Continuously):  * Wearables: https://mikeobrienmedia.com/wearable-deals * Tablets: https://mikeobrienmedia.com/tablet-deals * Phones: https://mikeobrienmedia.com/phone-deals   Please comment below with any questions you might have.  Thank you all for watching! I appreciate you!  ADDITIONAL REVIEW NOTES: New features, new drivers, and new design A Day In The Life With Sony WF-1000XM5 Headphones   WORK: Transparency sounds a bit robotic You can connect to two devices at once, but not with LDAC My ears get hot after a bit Comfortable while wearing though - super lightweight and the softest foam They call this vegan leatherette which is a hilarious marketing term for synthetic fake leather, but regardless, its comfortable Fantastic call quality  RELAX: Still cannot play music via wired USBC playback You can use them with the cable included, even when the headphones are off. If you turn them on, you get ANC and perhaps a slightly different sound profile, but it was hard to tell App is outdated Controls are all on the right ear, so it is easy to remember everything - very intuitive MIC TEST IN WINDY/LOUD ENVIRONMENT NFC Google FastPair No-plastic packaging   WORKOUT: No water resistance rating, so I would rather not run with them in the rain Ear cups snap in and are pretty easy to replace and new ones are about $20, so this is good! They stayed on my head when lifting like benching and squatting - good They stayed on my head when running - level 2 = good They stayed on my head while doing burpees - level 3 = good Ears might get hot - if you are sweaty, they will not stay on as well. I‚Äôm not a heavy sweater Plenty loud with strong bass capabilities Great simple gestures on ear cups make switching songs easy, but if running, it takes some getting used to Sweaty hands can be problematic  TRAVEL/COMMUTE: No folding The double and triple press options for the ANC button only have one option (spotify) Battery seems to last forever Super powerful ANC blocks out everything Stylish design adds a nice flare in comparison to the fairly bland XM4s Cup hand to hear surroundings temporarily is so convenient   Timestamps: 0:00 I learned a lot this month 0:45 At Work or Home Office 3:15 Relaxing, Gaming, Watching Media 6:30 Working out, running, and gym use 8:45 Commuting and Traveling   Disclaimer: This video is purely based on my experiences, research, and opinions.  You and only you are responsible for your actions.  I made this channel to advise viewers and I truly hope to help you all out.  I love making these videos and connecting with my viewers! This channel is monetized via YouTube ads as well as some affiliate links.  If a purchase is made after clicking the link, I will receive a small commission at no extra charge to the buyer.  Thank you all for watching!",457337,8261,0
10,D8wG67oko7E,Karl Conrad,2022-05-12 15:59:34+00:00,Sony WH-1000XM5 UNBOXING + REVIEW - The new King of Noise Cancelling!,Unboxing and review of the new Sony WH1000XM5 Noise Cancelling Headphones!   #Sony #WH1000XM5 #Headphones #Audio  Email for business: karlconrad@live.com
11,LiRDR8-z8jM,New Stuff TV,2022-08-31 13:59:37+00:00,I Was Wrong About Sony WH-1000XM5,The Sony WH-1000XM5 check out to be high quality ANC headphones with great lifestyle features. l've had a great experience with them over the last couple of weeks and I've changed my mind.. They're definitely a nice upgrade from the WH-1000XM4  #NewStuff #sonywh1000xm5 #SonyXM5  üëâBe sure to check out the latest podcast: https://www.youtube.com/channel/UCGX_Nq4wQuSOUJJyjUAlWgA   üî¥ Soundcore Space Q45: https://www.youtube.com/watch?v=0f7uFJvYKZU  Get it here... Using my affiliate link helps financially support the channel: Best Buy: https://shop-links.co/chghroRacqv Amazon: https://amzn.to/3PPguJB  Follow me on social media ‚≠êüì∑‚≠ê Instagram: https://www.instagram.com/justcallme_antwan TikTok: https://www.tiktok.com/@newstufftv Facebook: https://www.facebook.com/JustCallMeAntwan  Here‚Äôs the video & audio gear I use: https://kit.co/Just_Doin_Life/my-video-setup Sony a6400 https://amzn.to/2EVlERm Sony a5100 https://amzn.to/2sEGi1L Sony SELP18105G https://amzn.to/2Cp78zg Sigma 16mm 1.4 DC DN https://amzn.to/2Xreooa Overhead Lights: https://amzn.to/2Kyaup4 Ring Light: https://amzn.to/2IBjklV Deity V-Mic D3 Pro: https://amzn.to/35brqcj,143754,3171,0
12,nRjOrpywEZk,Digital Trends,2022-05-12 16:00:21+00:00,Sony WH-1000XM5 Headphone Review | Even Better-er!,"The Sony WH-1000XM5 are probably the most highly anticipated headphones for 2022. Given the series' legacy, the XM5 are expected to be great, but given how good the XM4 were, how much better can the XM5 be? We break down all the new improvements and get down to how well the headphones perform, from noise-cancelling to call quality and sound quality. Could they really be this good?  Click here to read our full written review of the Sony WH-1000XM5 - https://www.digitaltrends.com/home-theater/sony-wh-1000xm5-review/  00:00 Intro 01:00 Everything NEW with the XM5s 04:46 Comfort 05:44 Noise-Canceling 06:14 Call Quality/Noise-Canceling for Phone Calls 07:54 Battery Life 08:14 Sound Quality 10:16 Final Verdict  SUBSCRIBE FOR THE LATEST VIDEOS http://bit.ly/DTYouTubeSub  VISIT DIGITAL TRENDS  https://www.digitaltrends.com/  In our studio: BDI Corridor Media Console: https://bit.ly/2u1IMrs   https://amzn.to/2JtnA8v KEF Q750 Floorstanding Speakers: https://amzn.to/3cCCwhb Music: https://artlist.io/Digital-142302  Digital Trends may earn a commission when you buy through links on our channels.  FOLLOW US! https://www.facebook.com/digitaltrends https://twitter.com/digitaltrends https://www.instagram.com/digitaltrends  #SonyXM5 #SonyWH1000XM5 #Review #Headphones #NoiseCancelingHeadphones #SonyHeadphones #HandsOn #HeadphonesReview #BestHeadphones #DigitalTrends",145335,4679,0
13,Wtw19ct65VA,Sony Europe,2022-05-12 16:04:15+00:00,Introducing the Sony WH-1000XM5 Noise Cancelling Wireless Headphones,"Introducing the new Sony WH-1000XM5 Noise Cancelling Wireless Headphones: https://www.sony.co.uk/electronics/headband-headphones/wh-1000xm5?cid=sco-eu-39165   Our industry-leading* noise cancellation just took its biggest step up! With four microphones on each earcup, ambient sound is captured even more accurately, and the new Integrated Processor V1 unlocks the full potential of our HD Noise Cancelling Processor QN1 to deliver unprecedented noise cancelling quality.  Watch this video to see our latest technology in action, as well as more exciting features, including High-Resolution Audio, DSEE Extreme‚Ñ¢, 360 Reality Audio, our best call quality yet, the long-lasting and fast-charging battery, and more.  *As of January 1, 2022. According to research by Sony Corporation, measured using JEITA-compliant guidelines in headband style of wireless noise cancelling headphones market.",21822,536,0
14,6WTHBCZBt_E,This is Tech Today,2022-05-17 02:30:41+00:00,THE DEFINITIVE Sony WH-1000XM5 Review & Comparison by an AUDIO ENGINEER,"As an Audio Engineer, this is the definitive, in-depth, and experiential review of the Sony WH-1000XM5 and a comparison with the Sony WH-1000XM4, Apple AirPods Max, and the Bose QuietComfort 45 Bluetooth wireless ANC headphones. I take over 15 years of audio engineer experience to make the kind of review I wanted to see!  üåéTake control over how you search, avoid clickbait, and more with Seekr - https://www.seekr.com (ad)  -- WHERE TO PURCHASE -- ‚ñ∂Sony WH-1000XM5: https://shop-links.co/chd8pfIMILO ‚ñ∂Apple AirPods Max: https://shop-links.co/chfZk7Ahj69 ‚ñ∂Sony WH-1000XM4: https://shop-links.co/chfZlXf0ttu ‚ñ∂Bose QC45: https://shop-links.co/cheAkovOl52 üé∂Take your films to the next level with music from Musicbed. Sign up for a free account to listen for yourself: https://myte.ch/musicbed  BECOME A CHANNEL MEMBER FOR EXCLUSIVE CONTENT: https://www.youtube.com/thisistechtoday/join  -- WATCH MORE -- ‚ñ∂ SONY LINKBUDS S Definitive review and comparison: https://youtu.be/DAm4jcrLC8U ‚ñ∂Sony Home Theater and 360 Spatial Sound Mapping Video: https://youtu.be/UUuJEGWrY8s ‚ñ∂Comparing every Samsung Galaxy Bud: https://youtu.be/xAnxYpyaQTE ‚ñ∂Google Nest Audio Review: https://youtu.be/6ZRE8Pb81nM ‚ñ∂My Favorite Home Theater Audio System that is Lossless and Wireless: https://youtu.be/CXWLIWFLNg0 ‚ñ∂Two Audio engineers Try AirPods Pro for the First time: https://youtu.be/aoSFrUhSgCI  --- FOLLOW ME and BE IN COMMUNITY --- üê¶Twitter, Instagram, TikTok, and Facebook @thisistechtoday üë®‚Äçüë©‚Äçüëß‚Äçüë¶Community DISCORD CHAT: https://myte.ch/discord üåéMY WEBSITE http://www.thisistechtoday.com  üëïMERCH: https://myte.ch/merch2019 and get 5% OFF with code PIXELPEEPER  --- MY TECH --- üü® My Amazon Storefront of My Favorite Products (make sure to follow me!): https://myte.ch/amazon üì∏ The GEAR I use to make my videos! https://myte.ch/kit ü™ë My Desks, Chairs, and Furniture are by Fully! https://bit.ly/32dAiOL  - Jarvis Laminate Standing Desk - https://bit.ly/3iWHbuv - Colbe Bamboo Shelving Unit - https://bit.ly/2EeomUK - Capisco Chair - https://bit.ly/2YhfRPS - Tic Toc Chair - https://bit.ly/34h808H   ‚ñ∂Ô∏èYOUTUBERS you have to use TubeBuddy. It's what I use (affiliate): https://www.tubebuddy.com/thisistechtoday  üìñHELP CLOSE CAPTION & TRANSLATE: https://myte.ch/cc  üåÖWhere to get the WALLPAPERS I use: http://bit.ly/wallpapermegathread üöó Get a Free Lyft Ride with Code: LEE83209  üî•BUSINESS INQUIRIES & SPONSORSHIPS: brandon -at- ricebowlmedia.com  üì¨Want to send me something? 15068 Rosecrans Ave # 260 La Mirada CA 90638  0:00 Intro: What I bring as an Audio Engineer (I made the review video that I wasn't seeing anyone making that I wanted to see) 0:35 What an ""Immersive, Experiential Review"" is 1:36 SONG SAMPLE: Electronic (Sub Frequencies & High-end Sizzle) 2:12 Build Quality 3:17 SONG SAMPLE: Female Vocals (Electronic) 3:54 Interactions 4:30 SONG SAMPLE: Female Vocals (Warm, Midrangey, Soul) 5:21 ANC Comparisons (Mid & High Frequencies) 6:30 SONG SAMPLE: Male Vocal (Funky, Warm Bass) 7:08 ANC Comparisons (Low/Sub Frequencies) 9:17 SONG SAMPLE: Acoustic (Singer-Songwriter) 10:08 How ANC (Active Noise Cancellation) Works - WITH SOUND SAMPLES 11:56 SONG SAMPLE: Reverby Surf Rock (Check the Bass Guitar) 12:34 Transparency Mode Comparisons 15:03 SONG SAMPLE: String Ballad with Piano 15:06 Bluetooth Distance Comparisons 17:19 SONG SAMPLE: Amped up BaSsY BAnGeR (Sub frequencies and High hat/Snare) 18:12 Microphone Comparisons & Call Quality 19:51 SONG SAMPLE: Epic Cinematic (support my friend http://www.hannahparrott.com/) 20:36 Gaming Comparisons 21:24 SONG SAMPLE: 80s Synth Vibe (The bass line is so good) 22:05 MY CUSTOM EQ with SONG SAMPLE: Epic, Dramatic, Commercial Rock 20:10 Sound impressions between all of them 23:56 SONG SAMPLE: Epic Arena Stomper (Lots of low end and high-highs) 25:00 Which one should you buy? (a guide) 26:01 How Videos that take 60+ hours like this one are possible 27:13 My Personal Preferences  Disclosure: As an Amazon Associate I earn from qualifying purchases. I utilize affiliate links and may receive a commission from them, and at times may receive items for review from various brands. Despite that, I promise to always provide an honest & an unbiased as possible review because you deserve the best. All sponsorships will be clearly stated because transparency & trust are important to me!",2134655,70790,0
15,C8m1PaLEcSY,MacRumors,2022-05-20 19:18:27+00:00,Sony WH-1000XM5 vs Apple AirPods Max,"Sony this week came out with an updated version of its popular over-ear noise-canceling headphones, so we picked up a pair to compare them to the AirPods Max to see which headphones are better and whether it's worth buying the $400 WH-1000XM5 from Sony over Apple's $549 ‚ÄåAirPods Max‚Äå.  read more - https://www.macrumors.com/2022/05/20/sony-1000xm5-vs-airpods-max/  Sony WH-1000XM5 - https://amzn.to/387L7ZG Apple AirPods Max - https://amzn.to/3wzwlV4 Sony WH-1000XM4 (old model) - https://amzn.to/3G63H0D  This video is sponsored by OWC. For more information about the OWC Envoy Pro Mini visit https://eshop.macsales.com/item/OWC/ENVPMCA10/",423858,5954,0
16,SMcbfXSjQwg,TheUnlockr,2022-06-21 14:00:48+00:00,Sony WH-1000XM5 Real-World Test,"I took the new Sony WH-1000XM5 noise cancelling headphones out exploring the loudest neighborhood in New York City to test out their ANC, battery, and sound. Come check it out and let me know what you think of the video.  LINK(S) MENTIONED IN THE VIDEO: (If you buy something from a link, I may earn a commission but you will not be charged any extra) Sony WH1000XM5: https://unlockr.co/SonyWH1000XM5 Sony WH1000XM4: https://unlockr.co/6orym Apple AirPods Max: https://unlockr.co/AppleAirPodsMax  SIGN UP FOR MY NEWSLETTER: https://unlockr.co/EmailNewsletter  REPAIR YOUR IPHONE YOURSELF WITH PARTS FROM MY SHOP AND SAVE MONEY: https://shop.theunlockr.com  UNLOCK YOUR PHONE: Set your phone free! You can buy unlock codes to allow you to use any carrier with your phone, head here! - https://theunlockr.com/unlock-my-phone/  LETS CHAT: Subscribe - https://www.youtube.com/theunlockr?sub_confirmation=1 Facebook - https://www.facebook.com/TheUnlockr Twitter - https://twitter.com/TheUnlockr Instagram - http://instagram.com/theunlockr/",69586,2397,0
17,bbFhv7aCl2M,Kevin The Tech Ninja,2022-05-13 17:00:22+00:00,Sony WH-1000XM5 vs Sony WH-1000XM4 // Is this Upgrade WORTH IT?,Sign up for Free 14 day trial with my sponsor Aura //¬† https://aura.com/TechNinja  The AirPods Max vs The Sony WH-1000XM5 - Which ANC Headphones would you pick?   Subscribe To A Ninja  ‚ñ∂‚ñ∂   http://bit.ly/1JXcHPB Subscribe to Kris ‚ñ∂ https://www.youtube.com/c/KrisJohnsonMusic  Kris Patreon ‚ñ∂ https://www.patreon.com/krisjohnson?fbclid=IwAR1EcIAwCVMbx6J3H78etuKf4rzRYnvCHyCzc0R-gVtJN5lPeloRGSBcqMo Sign up for a Free 14 day trial with my sponsor Aura //  https://aura.com/TechNinja  ----  Buy Sony WH-1000XM5   ----  https://shop-links.co/chd7mKZbc5x https://amzn.to/3M8s7Jh  ----  Buy Sony WH-1000XM4 ----  Black - https://shop-links.co/chdFUnYxxgF  Silver - https://shop-links.co/chdGnECl90x  Midnight Blue - https://shop-links.co/chdGniUMkLV ----  Buy AirPods Max  ----  AirPods Max Space Gray $499 - https://shop-links.co/chdsKUf3gPF AirPods Max Sky Blue $499 - https://shop-links.co/chdsNWQVb3S AirPods Max Green $499 - https://shop-links.co/chdsN8YtDXI AirPods Max Pink $499 - https://shop-links.co/chdsOjvjGay AirPods Max Silver $499 -https://shop-links.co/chdsOsrCZOE Lighting Cable to Headphone //https://shop-links.co/chdsQUYRqhg Lighting Cable // https://shop-links.co/chdsSS2ETZr   ------- What Camera Gear Do I Use?  (Kit) ‚ñ∂ http://ktt.ninja/24xrZLd Music Created By @Iamrevolution,132496,2315,0
18,3s1oxAZYyvI,TECHKNOW BIZ,2023-04-30 09:46:52+00:00,Sound sample comparison of Airpods Max vs WH1000XM5 vs Momentum 4 vs Spirit S3,,133937,5225,0
19,KBt1glo7sfo,Sony (Japan),2022-05-13 00:00:10+00:00,„Éò„ÉÉ„Éâ„Éõ„É≥:„ÄåÊñ∞‰∏ñ‰ª£„Äç„ÅÆÈùô„Åë„Åï„Åß„ÄÅÈü≥Ê•Ω„ÅØÊ∑±Âåñ„Åô„Çã„ÄÇ:WH-1000XM5„Äê„ÇΩ„Éã„ÉºÂÖ¨Âºè„Äë,„ÄåÊñ∞‰∏ñ‰ª£„Äç„ÅÆÈùô„Åë„Åï„Åß„ÄÅÈü≥Ê•Ω„ÅØÊ∑±Âåñ„Åô„Çã„ÄÇ „ÉØ„Ç§„É§„É¨„Çπ„Éé„Ç§„Ç∫„Ç≠„É£„É≥„Çª„É™„É≥„Ç∞„Çπ„ÉÜ„É¨„Ç™„Éò„ÉÉ„Éâ„Çª„ÉÉ„Éà WH-1000XM5  ----------------------------------------¬≠------------ „Äê„ÄéWH-1000XM5„ÄèË£ΩÂìÅÊÉÖÂ†±„Çµ„Ç§„Éà„Äë https://www.sony.jp/headphone/products/WH-1000XM5/  „Äê„Ç≥„É≥„Çª„Éó„Éà„Çµ„Ç§„Éà„Äë https://www.sony.jp/headphone/special/WH-1000XM5/  ----------------------------------------¬≠------------ „Äê„ÇΩ„Éã„Éº„ÅÆYouTube„ÉÅ„É£„É≥„Éç„É´„Äë https://www.youtube.com/c/SonyJapan  „Äê„ÇΩ„Éã„Éº„ÅÆFacebook„Éö„Éº„Ç∏„Äë https://www.facebook.com/sony.jpn  „Äê„ÇΩ„Éã„Éº„ÅÆTwitter„Éö„Éº„Ç∏„Äë https://twitter.com/sony_jpn  „Äê„ÇΩ„Éã„ÉºË£ΩÂìÅÊÉÖÂ†±„Éª„ÇΩ„Éã„Éº„Çπ„Éà„Ç¢„Äë https://www.sony.jp/  „ÄêSony | „ÇΩ„Éã„Éº„Ç∞„É´„Éº„Éó „Éù„Éº„Çø„É´„Çµ„Ç§„Éà„Äë https://www.sony.com/ja/,47044,0,0
20,Q5qX6R738Lk,Max Tech,2022-05-24 18:16:06+00:00,Sony WH-1000XM5 vs AirPods Max: Is Apple Falling BEHIND?,"Sony made some HUGE improvements with their wh1000XM5 headphone, but are they finally BETTER than the AirPods Max? I would buy THESE ‚û° https://geni.us/3exbt  Sony XM5 Headphones ‚û° https://geni.us/A6BKHFv Discounted AirPods Max ‚û° https://geni.us/3exbt  If you enjoyed this video, please subscribe to help us reach 1 million subscribers before the end of the year! We would greatly appreciate it!   Timestamps ‚¨áÔ∏è Sony XM5 vs AirPods Max - 00:00 Design & Case - 01:57 Comfort - 02:32 Controls & Buttons - 04:34 Noise Cancellation - 05:42 Transparency & Ambient Mode - 07:16 XM5 Downfall - 08:20 Test Song #1 EDM - 08:44 Best Sony EQ Modes - 08:44 Sony #2 Modern Classical - 10:09 Sound Leakage Test - 11:40 Sound Stage - 12:09 Song #3 Rock Music - 12:38 Microphone Comparison - 14:40 Final Verdict! - 15:21   Xcode Benchmark built for Max Tech by Maxim Eremenko ‚û° https://github.com/devMEremenko/XcodeBenchmark  WeTest PerfDog is what we use to test FPS. Full mobile platform performance test and analysis tool: https://www.wetest.net/?utm_source=ga&utm_medium=YTEU-5  Max Tech Wallpapers ‚û° https://bit.ly/2WNc6Qw Buy one of our NEW T-Shirts to help support us! ‚û° https://max-tech-store.creator-spring.com/ ~~~~~~~~~~~~~~~~~~~~~~~~~~~~~~~~~~~ Shop on Amazon ‚û° https://geni.us/wB2mWqd Shop on B&H ‚û° https://bhpho.to/2kfoI34 Shop on Adorama ‚û° https://bit.ly/2R7qezq   10% off unlimited yearly music licensing on Soundstripe (what I use for all my videos) use coupon code ""Max"" here: http://soundstripe.grsm.io/e/6lv  Shot with (Amazon) ‚û° https://geni.us/XE0r Lens (B&H) ‚û° https://bhpho.to/2DZerxL  Mic (Amazon)‚û° https://geni.us/83CN3V5  If you enjoy our content please consider supporting us on Patreon. Even $2 a month helps us make more and better content for you! https://www.patreon.com/MaxYuryev -~-~~-~~~-~~-~- PRIVACY POLICY and FULL DISCLOSURE: ¬∞Max Tech is a participant in the Amazon Services LLC Associates Program, an affiliate advertising program designed to provide a means for sites to earn advertising fees  by advertising and linking to amazon.com ¬∞Max Tech is a participant in the B&H Photo Video affiliate program that provides an advertising commission if you purchase through our links.  ¬∞If you purchase something from our affiliate links will get a small commission with no extra cost to you. This makes it possible for us to make more videos. Thank you!  ¬∞We DO NOT collect, store, use, or share any data about you. -~-~~-~~~-~~-~-",173498,3914,0
21,ixnKKDKTbzE,Passion for Sound,2022-08-20 15:00:23+00:00,Sony WH-1000XM5 Wireless Headphones - Are they actually for audiophiles?,"A review of the Sony WH-1000XM5 wireless headphones with active noise cancelling. Get them here: üá∫üá∏ https://amzn.to/3ob9n1g üá¶üá∫ https://amzn.to/3chW8t2 üá®üá¶ https://amzn.to/3uUIEd3 üá¨üáß https://amzn.to/3uUILoZ This review includes custom EQ setting recommendations and comparison with the HiFiMan HE-R9.  PASSION FOR SOUND RECOMMENDS Check out this link for an ever-evolving list of the products I recommend, including links to make your research and purchasing easier! https://bit.ly/PFSRecommends  Join the Passion for Sound family: https://www.patreon.com/passionforsound  00:00 Introduction 01:13 Glamour video 01:44 Design & comfort 04:10 Key features 11:37 A comment about packaging 13:34 Sound quality 15:30 Using EQ to improve the XM5 20:48 WH-1000XM5 vs HiFiMan HE-R9 24:23 Final conclusions  Like the music in this video? You can get it here: https://www.epidemicsound.com/referral/ofkioc/ Giveaway terms and conditions: https://bit.ly/PFSTandC  SUPPORT THE CHANNEL Join my Patreon: https://www.patreon.com/passionforsound One-off donations: paypal.me/lachfen Buy some merchandise: https://shop.spreadshirt.com.au/passion-for-sound/ Or put one of these links in your bookmarks for all of your future purchases of ANYTHING: üåè Linsoul: https://tinyurl.com/PfSLinsoul üåè HiFiGo: https://bit.ly/3og89Tn üá∫üá∏ & üá®üá¶ Apos: https://tinyurl.com/Apos-P4S üá∫üá∏ Amazon: https://amzn.to/3dtyiWQ üá®üá¶ Amazon: https://amzn.to/3xUl1Rc üá¶üá∫ Amazon: https://amzn.to/2U7lqOp üá¨üáß Amazon: https://amzn.to/3xaUMo üåè Drop: https://massdrop.7eer.net/d07P2  (Affiliate links help to support the channel - thank you!)  Reviews filmed using: Sony ZV-1: üá∫üá∏ https://amzn.to/32aa7Mw üá®üá¶ https://amzn.to/3clV4Bk üá¨üáß https://amzn.to/3kGcSM4 üá¶üá∫ https://amzn.to/3CoXfyD Sony A7R III: üá∫üá∏ https://amzn.to/3mnR0nS üá®üá¶ https://amzn.to/2St0uE5 üá¨üáß https://amzn.to/34YIWlU üá¶üá∫ https://amzn.to/3g1b26q Sony FE 24mm F/1.4: üá∫üá∏ https://amzn.to/3kuHVIf üá®üá¶ https://amzn.to/3jcChNd üá¨üáß https://amzn.to/3pD2u98 üá¶üá∫ https://amzn.to/355SeMQ Blue Encore 300 mic: üá∫üá∏ https://amzn.to/3oreKae üá®üá¶ https://amzn.to/3vVJwMj üá¶üá∫ https://amzn.to/3g6NHjy Scarlett 2i2 Audio Interface: üá∫üá∏ https://amzn.to/36hRFkn üá®üá¶ https://amzn.to/3dyCtmD üá¨üáß https://amzn.to/3zfxvEa üá¶üá∫ https://amzn.to/2RCeMC3 Neewer Bi-color 660 LED lights: üá∫üá∏ https://amzn.to/2E1BNrh üá®üá¶ https://amzn.to/3xSwpgi üá¨üáß https://amzn.to/3csS6Ly üá¶üá∫ https://amzn.to/3g4Id90  #audiophile #audioreview #wirelessheadphones",17901,621,0
22,fNtwLmbp_mM,Audio Advice,2022-08-04 15:27:26+00:00,Sony WH-1000XM5 Tips & Tricks // Setup Guide - Get the MOST out of your XM5's!,"WATCH our Sony XM5 REVIEW: https://youtu.be/oZmzYKIQCrY Check out our detailed written article üìö  https://audioadvice.io/XM5tipstricks Subscribe! üîî http://audioadvice.io/YTsubscribe  If you are reading this, you are probably either a lucky new owner of the new Sony WH-1000XM5 Wireless Noise-Canceling Headphones, or perhaps just you‚Äôre shopping around and wondering how the setup will go. For those of you who are new owners, congratulations! As with most things that can offer greater performance than the competition, going through a few steps first will help you get the most out of your new headphones. This short guide is meant to get you up and running with your WH-1000XM5 quickly.  üé¨ Watch our Home Theater Showcases: https://audioadvice.io/Showcases üé¨ ‚öñÔ∏è Calibrate your Home Theater: https://audioadvice.io/CalibrateYourTheater ‚öñÔ∏è üéû Home Theater Design Tool: https://audioadvice.io/HTDesignGuide üéû  üì±Follow Us üì± Instagram ‚û° https://www.instagram.com/audio.advice/ Facebook ‚û° https://www.facebook.com/audioadvicenc/ TikTok ‚û° https://www.tiktok.com/@audio_advice  #sony  #XM5 #noisecancellingheadphones   Chat with us online üíª https://audioadvice.io/aa-chat ‚òéÔ∏è Call for sales and support: 888.899.8776",86983,1257,0
23,-7EustHpOBc,Darko Audio,2022-10-08 14:30:58+00:00,Sony WH-1000XM5 vs. Bowers & Wilkins Px7 S2 -- an AUDIOPHILE'S REVIEW!,"üëâüèª This episode is brought to you by Patreon: https://www.patreon.com/johndarko  üé•  Camera: Olaf von Voss    üé¨  Editor: John Darko    üï∫üèª  Motion GFX: John Darko    üí∞  Ad segment: Jana Dagdagan  üõã My listening room in 2022: https://darko.audio/darkos-listening-room-2022/  üéµ  Song IDs? Playlists of all music heard in this video - and other videos - can be found on PATREON: https://www.patreon.com/johndarko  0:00 Intro 0:42 Sound quality 4:29 Carry case, build quality & comfort 7:50 Bluetooth codecs, connection stability 10:15 Control & haptics 12:16 Active noise cancellation 15:49 Phone call quality 17:08 Smartphone apps 18:24 vs. Apple AirPods Max? 19:43 Which one is best? 23:04 Whatabout? 23:17 Bloopers  üëâüèª As seen in this video...  Sony WH-1000XM5 üõí  (US) https://howl.me/cigxHt3J88C üõí  (UK) https://amzn.to/3RLdCNB  Bowers & Wilkins Px7 S2 üõí  (US) https://howl.me/cigxJc8BwiG  Google Pixel 6 üõí  (US) https://amzn.to/3SO93DA üõí  (UK) https://amzn.to/3CEXw3x  Apple iPhone 13 Mini üõí  (US) https://amzn.to/3yoraHL üõí  (UK) https://amzn.to/3ynMxsV  Roon ARC streaming app üìñ https://darko.audio/2022/09/podcast-roon-arc-is-your-very-own-private-streaming-service/  #headphones #sony #bowersandwilkins   __________________________________________________________________ ‚è∞  HOW OUR YOUTUBE VIDEOS GET MADE: https://darko.audio/2021/10/how-our-youtube-videos-get-made/  Darko.Audio FAQ: https://darko.audio/faq/  Why are/were comments turned OFF? https://darko.audio/2020/10/why-im-switching-off-youtube-comments/  What the bloody hell am I talking about? https://youtu.be/MBzHB9877fg  How is Darko.Audio funded? https://darko.audio/funding/  Darko.Audio may earn a small commission from items purchased via affiliate links. __________________________________________________________________ DID YOU KNOW WE HAVE A PODCAST? https://podcasts.apple.com/us/podcast/darko-audio/id1368388920 https://open.spotify.com/show/1mnKixperZd4zmJWCvEbNl https://soundcloud.com/johnhdarko  __________________________________________________________________ Darko.Audio is a web magazine covering new and exciting developments in the audio world and we aren‚Äôt afraid of indie rock or techno.  Web: https://Darko.Audio Instagram: https://www.instagram.com/darkoaudio/ Facebook: https://www.facebook.com/Darkodotaudio",227561,7097,0
24,zx0-H5r4hao,Payette Forward,2022-06-07 18:45:03+00:00,Sony XM5 Review & Comparison: DON'T BUY THEM!,"David & David review the Sony XM5 headphones and compare them to four of the most popular over-ear headphones: AirPods Max, Bose QuietComfort 45, Sony XM4, and Bose Noise Cancelling Headphones 700. Which will reign as king of noise cancellation?  0. Intro [0:00] 1. Sony XM5 Unboxing & Review [0:20] 2. Sony XM5 vs. AirPods Max [3:24] 3. Sony XM5 vs. Bose QC45 [6:23] 4. Sony XM5 vs. Sony XM4 [8:40] 5. Should I Upgrade From Sony XM4s To Sony XM5s? [11:31]  6. Sony XM5 vs. Bose Noise Cancelling Headphones 700 [11:56] 7. The King Of Noise Cancellation [14:47]  üí∞ Where to buy:  üéß Sony WH-1000XM5: https://geni.us/sony-xm5 (Amazon) üéß Apple AirPods Max: https://geni.us/QVdpCFA (Amazon)  üéß Bose QuietComfort 45: https://geni.us/bcTBm8Y (Amazon) üéß Sony WH-1000XM4: https://geni.us/v9ut6 (Amazon) üéß Bose Noise Cancelling Headphones 700: https://geni.us/tvAq (Amazon)  We may receive a commission if you make a purchase after clicking one of the links above. It's a great way to support our channel ‚Äî we appreciate it! üôè  üëæ Join our NEW Discord: https://discord.gg/Bp6wdCuZT4 üëæ  üéÅ Join this channel to get access to perks: https://www.youtube.com/channel/UCiIhoHKPMHm0tpga58IBQNQ/join  üì± For awesome iPhone fixes and tips, check out our website, Payette Forward: https://www.payetteforward.com  üì± Compare every cell phone, every plan, and every carrier on UpPhone: https://www.upphone.com/  üëã Get Social With Payette Forward: On Facebook: https://www.facebook.com/payetteforwardinc On Twitter: https://twitter.com/payetteforward On Instagram: https://www.instagram.com/payetteforward/  #xm5 #sony #bose #airpods #apple #comparison #xm4 #headphones #review",133173,2323,0
25,OYW5jNANmv0,Audio Zone,2023-07-20 13:15:02+00:00,Beats Studio Pro Vs Sony WH-1000XM5 - Which One You Should Pick?,"The brand-new Beats Studio Pro comes with a ton of new features that solidify the unique appeal of the company as a brand that relies on a dual ecosystem. However, Sony WH-1000XM5 still, as expected, holds up to be Sony‚Äôs latest flagship noise-canceling headphones. in this video, we are going to show you side by side comparison of Beats Studio Pro vs Sony WH-1000XM5 to help you find out which one is now best for you. ------------------------------------------------------------------------ Beats Studio Pro Vs Sony WH 1000XM5 Affiliate link:  Beats Studio Pro Link: https://fave.co/3Q4B5fu  Sony WH 1000XM5 Link: https://fave.co/3DjL0Ga ------------------------------------------------------------------------ ***Music Source:  YouTube Audio Library  ***Video Sources: **Sony - Global: https://www.youtube.com/@Sony **Sony Electronics Asia Pacific: https://www.youtube.com/@sonyasia **Beats by Dre: https://www.youtube.com/@beatsbydre **BOSE - SEKIHE: https://www.youtube.com/@bose-sekihe2771 **Apple Australia: https://www.youtube.com/@AppleAustralia ------------------------------------------------------------------------ Our social media:  Facebook: facebook.com/audiozone21 Instagram: instagram.com/audiozone21 ------------------------------------------------------------------------ Disclaimer: The following video abides by the YouTube Community Guideline. All the footage used in this video is for educational purposes and all the information covered in this video was collected from official sources. ***Footage, music, images, and graphics used in the video falls under YouTube Fair Usage Policy Under Section 107 of the Copyright Act 1976. If you have any copyright issues, please contact us.  #BeatsStudioPro #wh1000xm5 #sony",14866,144,0
26,hX_KUPazZmw,Sony Europe,2022-05-26 12:49:28+00:00,How to use Touch Control on the Sony WH-1000XM5 Wireless Noise Cancelling Headphones,Discover the Sony WH-1000XM5 Wireless Noise Cancelling Headphones: https://www.sony.co.uk/electronics/headband-headphones/wh-1000xm5?cid=sco-eu-39165   Our new headphones rewrite the rules for distraction-free listening and call clarity - and you can control them with simple touch controls! Use this video guide to learn how to control:  00:04 Playback (Play/Pause/Volume up/Volume down/Next track/Previous track) 00:17 Quick Attention Mode 00:20 Speak-to-Chat 00:25 Voice Assistant 00:28 Incoming calls (Answer/Reject/adjust volume/Transfer/End) 00:52 Noise Cancelling/Ambient Sound Mode 00:56 Power button (Battery check/Power ON/Power OFF/Bluetooth¬Æ Pairing),110526,1721,0
27,uAb6t7aiMhs,EL JEFE REVIEWS,2022-05-14 21:00:11+00:00,24 Hours with Sony WH-1000XM5 - What You NEED to Know!,"Buy the Sony WH-1000XM5 Here ‚û§ https://geni.us/SonyXM5 [Amazon & Best Buy]  The Sony WH-1000XM5 Noise Cancelling Headphones have arrived and I'm here to give you my initial impressions after 24 hours! I will also be comparing them against the Sony WH-1000XM4 along with the best from Bose, Apple, and Technics.  ‚ù§Ô∏è Get your own 'Soul' shirts here ‚ù§Ô∏è  ‚û§ https://beats4hope.com/collections/new-arrivals/products/soulful-unisex-t-shirt  ‚û°Ô∏è Sony WH-1000XM5 ‚¨ÖÔ∏è ‚û§ https://geni.us/SonyXM5 [Amazon & Best Buy]  OTHER HEADPHONES IN THIS SONY WH-1000XM5 VIDEO:  ‚û°Ô∏è Technics A800 ‚¨ÖÔ∏è ‚û§ https://geni.us/xwFdfC5 [Amazon]  ‚û°Ô∏è Sony WH-1000XM4 ‚¨ÖÔ∏è ‚û§ https://geni.us/vcxUqW [Amazon]  ‚û°Ô∏è Bose QuietComfort 45‚¨ÖÔ∏è ‚û§ https://geni.us/S96up [Amazon]  ‚û°Ô∏è Apple AirPods Max ‚¨ÖÔ∏è ‚û§ https://geni.us/4odgkQQ [Amazon]  ‚û°Ô∏è About EL JEFE's Sony WH-1000XM5 video ‚¨ÖÔ∏è  EL JEFE's Sony WH-1000XM5 video was produced following 24 hours time spent with a review sample on loan from a friend of the channel. Tested daily at home by Jeff (EL JEFE REVIEWS) himself.  EL JEFE REVIEWS does not produce paid reviews. Sony have not provided any monetary compensation and were afforded no preview or copy approval rights concerning this content.  ‚û°Ô∏è Check out my TOP 5 Truly Wireless Earbuds under $50! ‚¨ÖÔ∏è ‚û§ https://youtu.be/UqQJGEDTr4o  ‚û°Ô∏è Check out my TOP 5 ANC Earbuds under $100! ‚¨ÖÔ∏è ‚û§ https://youtu.be/uqFARurDeI4  My HiFi Gear: ‚û°Ô∏è My Speaker Amplifier ‚¨ÖÔ∏è ‚û§ https://geni.us/MPvZdfQ  ‚û°Ô∏è My Headphone Amplifier ‚¨ÖÔ∏è ‚û§ https://geni.us/4jWBjF  ‚û°Ô∏è My DAC ‚¨ÖÔ∏è ‚û§ https://geni.us/wrDd  ‚û°Ô∏è My Speakers ‚¨ÖÔ∏è ‚û§ https://geni.us/N4Jg74  ‚û°Ô∏è My Headphones ‚¨ÖÔ∏è ‚û§ https://geni.us/DropAeonOpenX  TIP JAR to help support the channel directly! No Obligation.  ‚û°Ô∏è Cash App: $ELJEFEREVIEWS ‚û°Ô∏è Paypal: paypal.me/Jmendez1 ‚û°Ô∏è Venmo: @ELJEFEREVIEWS ---------------------------------------------------------------------------------------------------------- ‚û°Ô∏è Amazon Promotions ‚¨ÖÔ∏è Give the Gift of Audible! 3, 6, and 12 months available!:  ‚û§ https://geni.us/JgXK9A  Try Amazon Prime 30-Day FREE TRIAL!:  ‚û§ https://geni.us/9LMGeX  ‚û§ As an Amazon Associate I earn from qualifying purchases.  ‚û°Ô∏è Get your own customizable shades from CityLocs! They are giving my community 10% off using the link below.‚¨ÖÔ∏è ‚û§  Code: EL JEFE  ‚û§  https://citylocs.com/discount/EL%20JEFE ------------------------------------------------------------------------------------------------- #ELJEFE #SonyWH1000XM5 #SonyXM5 --------------------------------------------------------------------------------------------------- Connect with me on Social Media: ‚û§ Twitter: https://twitter.com/ELJefeReviews ‚û§ Instagram: https://www.instagram.com/eljefereviews/ ‚û§ Facebook: https://www.facebook.com/ELJefeReviews/  *****************SHOW NOTES ************************  All Music By:  ‚û§ www.epidemicsound.com -----------------------------------------------------------------------------------------------------------  Disclaimer: As an Amazon Associate I earn from qualifying purchases.  Thank you for watching and thank you for your continued support!  ‚è±Ô∏èTIME STAMPS‚è±Ô∏è 00:00 Start 00:15 Disclosure 01:19 Are the Sony XM5 Comfortable? 01:59 Do the Sony XM5 get hot? 02:34 Sony WH1000XM5 Build Quality 03:15 Why the Design Change? 04:08 How is the XM5 Noise Cancellation? 05:21 Is the Ambient Mode Improved? 06:00 Sony WH1000XM5 Sound Quality 07:39 Worth Upgrading From XM4? 08:12 Sony XM5 vs Soundcore Life Q35 08:45 Biggest Difference between XM4 and XM5? 09:01 XM5 Comfortable with Glasses? 09:42 Comparison Section Explained 10:10 Comfort Ranking 10:56 ANC Ranking 11:51 Ambient Ranking 12:33 Sound Quality Ranking 13:28 Mic Samples (Call Quality)",77787,1893,0
28,Aw7MHWa7WvU,iFixit,2023-06-18 15:00:11+00:00,How Repairable are the Sony WH1000-XM5? #ifixitteardown #headphones #repairableheadphones,Subscribe to our channel for all our latest teardown and repair videos!
29,A1QATroTs1Y,Marc Taraz Steiner,2022-08-24 14:00:05+00:00,Sony WH-1000XM5 vs AirPods Max | I'm Disappointed,"Sony WH1000-XM5 vs Airpods Max, the two best headphones on the market. Last time I said Sony was the winner, but is that true this time?  Buy the Sony XM5: https://geni.us/9APGx Buy the Airpods Max: https://geni.us/mAkv6Y5 Buy the Sony XM4: https://geni.us/oKy1Pt  0:00 Intro 0:18 Design & Comfort 0:37 Controls 2:29 Noise Cancelling 3:12 Transparency Mode 3:56 Call Quality 5:57 Multi Device Support 7:21 Sound Quality 10:25 Final Thoughts  Follow me! https://www.instagram.com/marctaraz/ https://twitter.com/MarcTaraz  My Website! https://www.marctarazsteiner.com  Presets & LUTs https://www.marctarazsteiner.com/shop  Print Shop: https://marctaraz.darkroom.tech/  The Wide Angle Podcast: https://open.spotify.com/show/08O3GqR2QqFbAnW9ItcZQW https://podcasts.apple.com/us/podcast/wide-angle/id1515165784  Where I get my Music: http://share.epidemicsound.com/3rcDWP  MY GEAR: Sony A7SIII: https://geni.us/eVZYFi4 Sony A7IV: https://geni.us/b4s3 Fuji X-E4: https://geni.us/A1li Sony 24-70mm 2.8 GM II: https://geni.us/7VcYQ Sony 85mm 1.8: https://geni.us/cFIG8Bj Sony 35mm 1.4 GM: https://geni.us/ebWR8 Sony 20mm 1.8 G: https://geni.us/cOQd Fuji 27mm: https://geni.us/NA8jzpF Freewell Variable ND Filter: https://geni.us/vPo2FNd Tiffen Black Pro Mist 1/4 Filter: https://geni.us/8y4w Hollywood Blackmagic Filter: https://geni.us/ZrqgK Sandisk 64gb SD card: https://geni.us/K5wmG Sony 160gb CF Express Type A Card: https://geni.us/aqf4iz Sony 80gb CF Express Type A Card: https://geni.us/Y4LaSK Sony CF Express Type A Card Reader: https://geni.us/8lx2Y0 Aputure MC RGB Light: https://geni.us/mHC3w Laofas 35"" Softbox: https://geni.us/tTUlG9 Aputure Lantern: https://geni.us/TeriWOt Great Affordable Studio Light: https://geni.us/cAuS Sony WH 1000XM4 Headphones: https://geni.us/oKy1Pt Sony WH 1000 XM5 Headphones: https://geni.us/9APGx Apple AirPods Max: https://geni.us/mAkv6Y5 DJI Ronin SC: https://geni.us/LKIruu DJI RS2: https://geni.us/FCV8R Peak Design 30L Everyday Backpack: https://geni.us/FxnmU Samsung T7 Hard Drive: https://geni.us/BKHn WD 5TB Hard Drive: https://geni.us/2Dm8c1 Anker USB C Hub: https://geni.us/H8wf1o iPad Mini 6: https://geni.us/3YrZYVS Manfrotto BeFree Video Tripod: https://geni.us/VXtE9q Manfrotto Photo Tripod: https://geni.us/HOJVj7 RODE Videomic NTG: https://geni.us/SEv2B9 Tentacle Sync Track E: https://geni.us/PFP1 Deity S Mic 2s: https://geni.us/P6AM Deity HDTX: https://geni.us/JgErJg Deity D3: https://geni.us/87zA Sony Batteries: https://geni.us/MDhWi Polar Pro 6-9 Stop ND Filter: https://geni.us/fLRn Polar Pro 2-5 Stop ND Filter: https://geni.us/FotAV Awesome 5 in 1 Reflector with Hand Grips: https://geni.us/5wjx8 Mic Stand: https://geni.us/ny9KBFH Andycine Moniter: https://geni.us/8miaHSD Small Tabletop Mic Stand: https://geni.us/G66uj37 ATH-M50x Headphones: https://geni.us/FAEhW Mask: https://geni.us/cEOEguQ  Some of the links in my video descriptions are affiliate links, which means at no extra cost to you, I will make a small commission if you click them and make a qualifying purchase. They are all genuine recommendations or the gear I personally use.",329095,6083,0
30,vcO43qPu9e4,PAINFULLY HONEST TECH,2022-07-29 22:04:34+00:00,Sony WH1000XM5: Painfully Honest Review,"Is Sony back on top of the wireless noise canceling headphone heap with their new WH1000XM5 model? In this video, I compare them to the WH1000XM4 and the AirPods Max to see how they fare. üî•Check out https://jasontlewis.com. Join the mailing list! üéô Follow me on my Amazon Live Channel: https://www.amazon.com/shop/painfullyhonesttech üí•Become a channel member: https://tinyurl.com/thyrzbf  üé§ Subscribe to my music channel: https://bit.ly/3zqmH6C üëç Subscribe to the Live channel: https://bit.ly/3zmEuuo ++++ üí• MY SOCIAL MEDIA LINKS AND MORE:  https://linktr.ee/painfullyhonesttech ++++ In This Video: Sony WH1000XM5: https://geni.us/wh1000xm5PHT Sony WH1000XM4: https://geni.us/q1a52lh Apple Airpods Max: https://geni.us/sIbynT +++++  Gear I Use:  UAD Apollo Twin X: https://geni.us/UADTwinX Rode PodMic: https://geni.us/pmSbEY  Rode PSA1: https://geni.us/psa1PHT Sony ZV-1: https://geni.us/zv-1PHT Sony A7iii: https://geni.us/a7iiiPHT Rokinon 24mm F2.8 FE Mount:  https://geni.us/rokinon24PHT Tamron 17-28 F2.8 FE Mount: https://geni.us/bxsWC Atem Mini: https://geni.us/atemPHT Streamdeck: https://geni.us/atemminiPHT Razer Raptor: https://geni.us/raptorpht Razer Blade 15 2020: https://geni.us/blade15PHT Beyer Dynamic DT770: https://geni.us/dt770PHT ++++  üèÜ I use TubeBuddy to optimize my videos: https://www.tubebuddy.com/PainfullyHonestTech  ++++  üìñ Try Audible and Get a Free audiobook: http://www.audibletrial.com/painfullyhonesttech ++++ üìΩ Restream lets you stream to 10 different platforms. Try it today for FREE! https://restream.grsm.io/PHT  #JasonTLewis #noisecancelling #Sonywh1000xm5",47262,909,0
31,XEwWMd57zWs,This is Tech Today,2022-05-12 16:00:18+00:00,Sony WH-1000XM5: What makes them Different than the XM4s?,"The Sony WH-1000XM5 Active Noise Cancellation (ANC) Headphones are finally here, and in this first-impressions review, you'll be able to hear about the differences between the Sony XM5 and the Sony XM4 as I compare them. You'll even get a chance to hear a sample of the full in-depth review of the Sony WH-1000 XM5 which is coming out soon!  üî•PURCHASE the Sony WH-1000XM5: https://shop-links.co/chd8pfIMILO (affiliate)  üî•üî•üî•WATCH THE DEFINITIVE, IMMERSIVE, EXPERIENTIAL REVIEW AND COMPARISON OF THE SONY-WH-1000XM4 AND OTHER HEADPHONES BY AN AUDIO ENGINEER: https://youtu.be/6WTHBCZBt_E  --WATCH MORE-- üì∫Sony RS5 + HT-A5000 Dolby Atmos Soundbar and 360 Spatial Audio Showcase: https://youtu.be/UUuJEGWrY8s üîä Comparing and reviewing every Samsung Galaxy Bud: https://youtu.be/xAnxYpyaQTE üéß An Audio Engineers Review of the APPLE AIRPODS PRO: https://youtu.be/W9SnxoiPrzg üéß Two Professional Audio Engineers Try Airpods Pro for the first time: https://youtu.be/aoSFrUhSgCI  BECOME A CHANNEL MEMBER FOR EXCLUSIVE CONTENT: https://www.youtube.com/channel/UCEAMLkMKtq6YhmaZdUT1ywA/join  --- FOLLOW ME and BE IN COMMUNITY --- üê¶Twitter, Instagram, TikTok, and Facebook @thisistechtoday üë®‚Äçüë©‚Äçüëß‚Äçüë¶Community DISCORD CHAT: https://myte.ch/discord üåéMY WEBSITE http://www.thisistechtoday.com  üëïMERCH: https://myte.ch/merch2019 and get 5% OFF with code PIXELPEEPER  --- MY TECH --- üü® My Amazon Storefront of My Favorite Products (make sure to follow me!): https://myte.ch/amazon üì∏ The GEAR I use to make my videos! https://myte.ch/kit ü™ë My Desks, Chairs, and Furniture are by Fully! https://bit.ly/32dAiOL  - Jarvis Laminate Standing Desk - https://bit.ly/3iWHbuv - Colbe Bamboo Shelving Unit - https://bit.ly/2EeomUK - Capisco Chair - https://bit.ly/2YhfRPS - Tic Toc Chair - https://bit.ly/34h808H  üé∂Where I get my MUSIC: https://myte.ch/musicbed ‚ñ∂Ô∏èYOUTUBERS you have to use TubeBuddy. It's what I use (affiliate): https://www.tubebuddy.com/thisistechtoday  üìñHELP CLOSE CAPTION & TRANSLATE: https://myte.ch/cc  üåÖWhere to get the WALLPAPERS I use: http://bit.ly/wallpapermegathread üöó Get a Free Lyft Ride with Code: LEE83209  üî•BUSINESS INQUIRIES & SPONSORSHIPS: brandon -at- ricebowlmedia.com  üì¨Want to send me something? 15068 Rosecrans Ave # 260 La Mirada CA 90638  0:00 Intro 0:27 An Important point about ""Reviews"" right now. You can't get high-quality audio or access to features without the App, and we JUST got the app. Use that information how you will. 0:39 When my In-Depth Review is coming and what it is like 1:00 Audio Sound sample and comparison 1:48 Unboxing and Impressions on fit and finish 4:01 What the XM5s have in common with the XM4s 4:20 No NFC Support 4:23 Comments on the ""finish"" and feel 5:06 Differences in Processors, ANC, and Microphones 6:13 Frequency Range, speakers, etc. 7:03 Battery Life, weight, and Bluetooth 7:29 The items YOU want me to review and cover 7:53 Ruby takes over the video üòä  Disclosure: As an Amazon Associate I earn from qualifying purchases. I utilize affiliate links and may receive a commission from them, and at times may receive items for review from various brands. Despite that, I promise to always provide an honest & an unbiased as possible review because you deserve the best. All sponsorships will be clearly stated because transparency & trust are important to me!",78756,2308,0
32,3BaOChNrzPw,HotshotTek,2022-06-05 21:54:21+00:00,Sony WH-1000XM5 - Tips & Tricks - The Best Settings!,"‚ûñ‚ûñ‚ûñ‚ûñ‚ûñ‚ûñ‚ûñ‚ûñ‚ûñ‚ûñ‚ûñ‚ûñ‚ûñ‚ûñ‚ûñ‚ûñ‚ûñ Product links (Latest sales)   Amazon: Sony WH-1000XM5  - https://amzn.to/3zgkcGk  BestBuy:  Sony WH-1000XM5 - https://shop-links.co/chm59eepVSm  ‚ûñ‚ûñ‚ûñ‚ûñ‚ûñ‚ûñ‚ûñ‚ûñ‚ûñ‚ûñ‚ûñ‚ûñ‚ûñ‚ûñ‚ûñ‚ûñ‚ûñ Other Videos:  ‚û° Apple Watch Must-Have Accessories - Screen Protector. Case. Charger: https://www.youtube.com/watch?v=yIsu8F784rY&t=3s  ‚û°Apple Watch Series 4 & 5 Protection Cases Review: https://www.youtube.com/watch?v=isUB-Fz-RLc  ‚ûñ‚ûñ‚ûñ‚ûñ‚ûñ‚ûñ‚ûñ‚ûñ‚ûñ‚ûñ‚ûñ‚ûñ‚ûñ‚ûñ‚ûñ‚ûñ‚ûñ Social Media Links: Instagram: https://www.instagram.com/eddien7/ SnapChat: @EddieN7 Twitter: https://twitter.com/HOTSHOTN7 Twitch: https://www.twitch.tv/hotshot2ss  Amazon Promotions: Try Audible and Get TWO FREE Audiobooks!: https://amzn.to/2QjQJCM Try Amazon Prime 30-Day FREE TRIAL: https://amzn.to/2Qq2k3i Amazon FreeTime Unlimited FREE trial: https://amzn.to/2W1fsBI  Disclaimer, Our links may be affiliated with Amazon and other stores to find out more click here.  http://bit.ly/2DiiOVI  #SonyXM5  #XM5 #Sony",121251,1921,0
33,PBIbsvZSp24,The Verge,2022-05-12 16:01:20+00:00,Sony‚Äôs best headphones just got [a little] better üéß,"Sony‚Äôs new WH-1000XM5 noise-canceling headphones are the company‚Äôs most advanced to date ‚Äî but also the most expensive at $400. For that money, you get a fresh design, upgraded sound, better active noise cancellation than ever, and improved voice call quality. But they're very similar to the 1000XM4s, giving Sony fans little reason to upgrade.  Read more: https://www.theverge.com/e/22831686  0:00 Sony WH-1000XM5 Intro 0:35 New Updates (Design, Sound, Active Noise Canceling, Price) 0:55 New Design 2:05 Carrying Case 2:52 Sound Quality 3:56 Noise Canceling  4:40 Mic Quality 5:00 Mic Test (WH-1000XM5 vs WH-1000XM4 vs AirPods Max vs Bose 700 vs Sennheiser Momentum 3) 6:26 Extra Features (Codecs, Multipoint 7:01 Battery  7:15 Missing Features 7:48 Conclusion 8:00 Sony WH-1000XM5 vs. WH-1000XM4   Subscribe:¬†http://goo.gl/G5RXGs Like The Verge on Facebook:¬†https://goo.gl/2P1aGc Follow on Twitter:¬†https://goo.gl/XTWX61 Follow on Instagram:¬†https://goo.gl/7ZeLvX  The Vergecast Podcast:¬†https://pod.link/430333725 Decoder with Nilay Patel:¬†http://apple.co/3v29nDc¬† More about our podcasts:¬†https://www.theverge.com/podcasts  Read More:¬†http://www.theverge.com Community guidelines:¬†http://bit.ly/2D0hlAv Wallpapers from The Verge:¬†https://bit.ly/2xQXYJr  Subscribe to Verge Science on YouTube, a new home base for our explorations into the future of science:¬†http://bit.ly/2FqJZMl",438460,8650,0
34,x-Ia18S8bvk,Flossy Carter,2022-05-24 13:00:18+00:00,Sony WH-1000XM5 - The New King of Noise Canceling Headphones?,"Sony WH-1000XM5 Buy them here, https://amzn.to/3LGUtZZ  Wanna buy some of my gadgets - http://amzn.to/1zZ2y4P Check out my website - http://www.flossycarter.net Help support the channel, Check out the Merch, https://flossy-carter.creator-spring.com https://www.paypal.com/donate?hosted_button_id=ZXS5NA8X7G77Q Find me Online, http://instagram.com/flossy_carter https://www.facebook.com/FlossyCarter https://twitter.com/Flossycarter PSN: FlossycarterFGC",240163,9896,0
35,OnnHTKrTeAA,6 Months Later,2022-11-18 15:30:06+00:00,AirPods Max vs. Sony WH-1000XM5,"The Apple AirPods Max and Sony WH-1000XM5s are two of the best wireless noise cancelling bluetooth headphones on the market, but which one is the best? After spending more than 6 months with each one, we definitely have opinions on which pair you should pick up.   We'll walk you through how their hardware designs compare, which are more comfortable to wear for long periods of time, battery life, how each pair sounds, their typical price, colors, case, ecosystem features, how their noise cancellation support for Dolby Atmos, spatial audio, and LDAC and our recommendation on who should go for the AirPods Max and who should go for the WH-1000XM5s.   üõí Purchase Links (Affiliate Links):  AirPods Max: https://amzn.to/3ElJbZF Sony WH-1000XM5s: https://amzn.to/3Ow9uBb  Shop all of our recommended products on Amazon: https://amzn.to/3XhxZFS  AirPods Max Review - Revisited! https://www.youtube.com/watch?v=1Btpf4QSc24 AirPods Max Review - 6 Months Later: https://www.youtube.com/watch?v=vLaRU6pA-rM&t=451s Sony WH-1000XM5s Review - 6 Months Later : Coming in 2 days  Studio Display Review - 6 Months Later: https://www.youtube.com/watch?v=XtfVWRXv9e0  Follow Josh on:  Twitter: https://twitter.com/JoshTeder Instagram: https://www.instagram.com/joshteder/  Other helpful links:  Video production equipment we use:  https://amzn.to/3Ejc1JR  0:00 - Case differences  1:03 - Mic quality 1:46 - Battery life & Weight 2:10 - Typical Price difference 2:22 - EQ & Sound quality 3:48 - Comfort 4:17 - AirPods Max Impressive Sound 5:42 - Spatial Audio with Movies & TV 6:34 - 360 Reality Audio  7:00 - Transparency Mode 7:41 - Simple setup & Digital Crown 8:06 - No power button & Smart Case 9:03 - Recommendation for Apple Users 9:24 - Automatic Switching & Pairing to Multiple Devices 10:24  - Android User & More Recommendations   --------------------------------------------------------------------------------- 6 Months Later website: https://6-months-later.com 6 Months Later Amazon storefront: www.amazon.com/shop/6monthslaterreviews ‚Äì‚Äì‚Äì‚Äì‚Äì‚Äì‚Äì‚Äì‚Äì‚Äì‚Äì‚Äì‚Äì‚Äì‚Äì‚Äì‚Äì‚Äì‚Äì‚Äì‚Äì‚Äì‚Äì‚Äì‚Äì‚Äì‚Äì‚Äì‚Äì‚Äì  Any music used is licensed from artlist.io   Any Pixel devices devices seen in our videos were provided to the channel by Google except for the Pixel 6 which the channel purchased.   Any Amazon links we provide in our descriptions are in conjunction with our Amazon partnership.  The channel receives a small percentage of revenue from any sales generated by viewers clicking the links.   #airpodsmax  #apple  #sony  #wh1000xm5",71929,1168,0
36,FE-X8xlwXRw,Aaron X Loud and Wireless,2022-05-18 18:45:01+00:00,Sony WH-1000XM5 vs WH-1000XM4 üî• Hear the Difference!,"Should you seriously upgrade or stick with XM4? ü§î Let's find out.  Get it here! Sony WH-1000XM5 - https://amzn.to/3yIrnqr Sony WH-1000XM4 - https://amzn.to/3a4Vk5E  ‚úÖ Join LAWLESS Gang On Patreon: https://www.patreon.com/loudnwireless ‚úÖ Join LAWLESS Chat On Discord: https://discord.gg/2YFDKj9M3D ‚úÖ Bitcoin Tip Jar: 32QpY8tkfg7Cn2zoKo97E4Uyjg7rJWfKqN  Affiliate Links When you make a purchase through the Affiliate Links here, I earn a small cut for the sale at no cost to you, and this helps the channel out in a big way. Thank you for your support!  00:00 Intro 01:42 Stretchy stretch time! 03:02 Fit and Comfort 04:04 Sound Quality 06:10 Phone Call Quality Comparison 08:12 Noise Cancelling Comparison 09:43 Transparency 10:27 Bluetooth Lag Test (Gaming) 11:37 Bluetooth Lag Test (Videos) 12:27 Conclusion",272336,5472,0
37,uGSQ1PtSmPY,Aaron X Loud and Wireless,2023-08-10 16:00:42+00:00,Sony WF-1000XM5 vs WH-1000XM5 vs WH-1000XM4 | Impossible To Compare?! ü§î,"You request, I deliver! Watch me compare the WF-1000XM5 earbuds vs WH-1000XM5 and WH-1000XM4!  Check Latest Prices!  Sony WF-1000XM5 -  Amazon - https://amzn.to/3qiamkS (Amazon) Lazada - https://s.lazada.sg/s.bsAyl?cc (Lazada)  Sony WH-1000XM5 Amazon - https://amzn.to/3yIrnqr Lazada - https://s.lazada.sg/s.bMAHc?cc  Sony WH-1000XM4 Amazon - https://amzn.to/3a4Vk5E Lazada - https://s.lazada.sg/s.bMApl?cc  Join this channel to get access to Restricted Area: https://www.youtube.com/channel/UCuROGphRDQe-tN8uxZ2X4_w/join  Compare sound samples at www.loudnwireless.com/soundsamples  Get your FREE Audiobook here, no strings attached - https://amzn.to/3Kdmtoi (Audible Premium Plus)  ‚úÖ Follow on Twitter!: https://twitter.com/RealAaronLW ‚úÖ Join Patreon: https://www.patreon.com/loudnwireless ‚úÖ Join Chat On Discord: https://discord.gg/EHh84vuBAq ‚úÖ Bitcoin Tip Jar: 32QpY8tkfg7Cn2zoKo97E4Uyjg7rJWfKqN  Affiliate Links When you make a purchase through the Affiliate Links here, I earn a small cut for the sale at no cost to you, and this helps the channel out in a big way. Thank you for your support!  00:00 Outrageous comparison? 01:09 Call Quality Comparison 02:48 Active Noise Canceling comparison 04:15 Transparency Mode comparison 05:05 Sound Quality Comparison 06:57 Sound Samples",15841,467,0
38,qF3GtyfEc3w,DHRME,2022-08-05 14:00:13+00:00,This Choice Isn't Hard üî•üî• (2 DIFFERENT headphones)  Sony WH-1000 XM5 vs Bose 700,What do you get when two flagships go against each other? Broken flags? Sinking ships? This is Sony‚Äôs latest WH-1000 XM5 taking on Bose‚Äôs Noise Cancelling Headphones 700.   ‚ãØ‚ãØ‚ãØ‚ãØ‚ãØ‚ãØüõí  Links For Latest Prices‚ãØ‚ãØ‚ãØ‚ãØ‚ãØ‚ãØ üéß Buy the Sony WH 1000 XM5: https://geni.us/SonyWH-1000XM5 üéß Buy the Bose 700 NC: https://geni.us/BoseNCH700 üéß Get the Benks headphone stand +charging dock: https://geni.us/BenksHeadphonesStandQi ‚ãØ‚ãØ‚ãØ‚ãØ‚ãØ‚ãØ‚ãØ‚ãØ‚ãØ‚ãØ‚ãØ‚ãØ‚ãØ‚ãØ‚ãØ‚ãØ‚ãØ‚ãØ‚ãØ‚ãØ‚ãØ‚ãØ‚ãØ‚ãØ  üé∂ Songs used for testing: https://www.dhrme.nl/songs/  ===SUPPORT OUR WORK=== üõí  Use the links above to do your shopping ‚òÖ Become a Patron: https://www.patreon.com/dhrme  üëï  Get yourself some DHRME Merchandise: https://teespring.com/stores/dhrme üìú  Website / Blog: https://www.dhrme.nl/ üí¨ Discord: https://discord.gg/WBr2euA3fP ‚ù§Ô∏è  Follow us on social media: https://www.instagram.com/dhrme.nl https://www.facebook.com/dhrme.nl https://twitter.com/DHRME  ===DISCLOSURES===  ‚úÖ Sony sent us these products for free for review purposes.  ‚úÖ We bought the Bose with our own money.  ‚úÖ No one got input at any stage in the creation of this video. All opinions and bad jokes are strictly our own. ‚úÖ Affiliate shopping and merchandise links above earn us commission.  #sonywh1000xm5 #bose700 #headphones  00:00 Introduction 00:17 2 similarities 01:09 Price 01:55 Comfort & build quality 03:26 Design & looks 04:12 Battery life 05:38 UC variant 06:06 Phone calls 06:10 Mic test samples 08:31 Phone calls conclusion 10:00 Active noise cancelling 10:10 ANC samples 11:10 ANC conclusion 12:55 Sound quality 14:15 Wrap up 15:10 Sound samples,103503,1807,0
39,9T5b-9I4U6Y,DHRME,2022-07-07 15:36:33+00:00,[Tips] Sony WH-1000 XM5 | What Sony Didn't Tell You!,DOES YOUR MUSIC RANDOMLY STOP? HOW DO YOU SEE DB LEVELS IN YOUR APP? WHY DOES THE SONY WH-1000 XM5 SOUND SO BAD? WHY ARE WE SHOUTING! HERE ARE TEN TIPS TO FIX THE XM5!  ‚ãØ‚ãØ‚ãØ‚ãØ‚ãØ‚ãØüõí  Links For Latest Prices‚ãØ‚ãØ‚ãØ‚ãØ‚ãØ‚ãØ üéß Buy the Sony WH 1000 XM5: https://geni.us/SonyWH-1000XM5 üéß Buy the Sony WH 1000 XM4: https://geni.us/SonyXM4 ‚ãØ‚ãØ‚ãØ‚ãØ‚ãØ‚ãØ‚ãØ‚ãØ‚ãØ‚ãØ‚ãØ‚ãØ‚ãØ‚ãØ‚ãØ‚ãØ‚ãØ‚ãØ‚ãØ‚ãØ‚ãØ‚ãØ‚ãØ‚ãØ  ===SUPPORT OUR WORK=== üõí  Use the links above to do your shopping ‚òÖ Become a Patron: https://www.patreon.com/dhrme  üëï  Get yourself some DHRME Merchandise: https://teespring.com/stores/dhrme üìú  Website / Blog: https://www.dhrme.nl/ üí¨ Discord: https://discord.gg/WBr2euA3fP ‚ù§Ô∏è  Follow us on social media: https://www.instagram.com/dhrme.nl https://www.facebook.com/dhrme.nl https://twitter.com/DHRME  ===DISCLOSURES===  ‚úÖ Sony sent us their products for free for review purposes.  ‚úÖ No one got input at any stage in the creation of this video. All opinions and bad jokes are strictly our own. ‚úÖ Affiliate shopping and merchandise links above earn us commission.  #wh1000xm5 #wh1000xm4 #airpodsmax   00:00 Introduction and TIP 1: CHAT FINGERS 00:48 TIP 2: (UN)FIXING MULTIPOINT 01:51 TIP 3: CONTROL THE PRESSURE 02:20 TIP 4: ASSISTING THE ASSISTANTS 03:53 TIP 5: SUMMONING THE ASSISTANTS  04:32 TIP6: Dr Strange and the Multipoint of Madness 05:45 TIP 7: DEVICES ARE NOT HUMANS 06:19 TIP 8: NOT ALL EQs ARE EQUAL 06:57 TIP 9: DEATH IS NOT THE END 07:46 TIP 10: FROM HEADPHONES TO PHONE,44805,1517,0
40,bOjQ39hSe1c,TonyTechBytes,2023-05-09 21:09:24+00:00,"Sony WH-1000XM5 Unboxing, Try-On, Impressions & Review | Sony WH-1000XM5 vs. Sony WH-1000XM4","#tonytechbytes #unboxing #unboxingvideo #unboxingtech #tech #techreview #sony #sonyheadphone #sonyheadphones #sonywh1000xm4 #sonywh1000xm5 #headphones #noisecancelingheadphones  -------------------------------------------------------------------------------------------------------------------------------  Business inquiries: tony@tonytechbytes.com   Check out all my social medias: https://solo.to/tonytechbytes    Music used in my videos: https://www.epidemicsound.com/referral/2zexbk/     Check out my Amazon storefront to find all the tech I use (affiliate links with no additional cost to you): https://www.amazon.com/shop/tonytechbytes    My ENTIRE LIST of GEAR: https://kit.co/TonyTechBytes    -------------------------------------------------------------------------------------------------------------------------------  ALL My PC Parts: (CPU) Intel Core i9-13900K: https://amzn.to/3VAKSJI   (Motherboard) ASUS ROG Strix Z790-E GAMING WIFI: https://amzn.to/3H2R6hg  (Case) NZXT H7 Flow ATX: https://amzn.to/3OTKZxI  (Graphics Card) EVGA GeForce RTX 3080Ti FTW3 Ultra: https://amzn.to/3XRpQbt  (CPU Cooler) NZXT Kraken Z73 360mm AIO: https://amzn.to/3FmGn0a  (RAM) PNY XLR8 32GB (2x16GB) DDR5 6000MHz: https://amzn.to/3FkQmTz  (Storage) WD Black SN850X 2TB (without Heatsink): https://amzn.to/3EVrosC  (Storage) WD Black SN850X 2TB (with Heatsink): https://amzn.to/3XJTrDX  (Power Supply) NZXT C1000 80+ Gold: https://amzn.to/3FjSJ96  (Fans) Lian Li UNI FAN SL 120 V2 RGB: https://amzn.to/3VNmlB1  (Cables) CableMod Pro ModMesh Sleeved Cable Extension Kit: https://amzn.to/3uk9Y3M  (Vertical GPU Mounting Kit) NZXT Vertical GPU Mounting Kit: https://amzn.to/3P9v52F   -------------------------------------------------------------------------------------------------------------------------------  My List of GEAR for recording videos:   AWESOME Camera: https://amzn.to/3VMb5F4  Versatile Lens: https://amzn.to/3ukgffQ  Wide Angle Lens: https://amzn.to/3Ukh9Ug  Standard Lens: https://amzn.to/3W2kqJl  Telephoto Lens: https://amzn.to/3UpsulW  High Quality Mic: https://amzn.to/3EUImqP  Travel Tripod: https://amzn.to/3EZo8MV  Tripod Video Fluid Head: https://amzn.to/3XRckon  Favorite Camera Bag: https://amzn.to/3FhL4bs  Camera Duffel Bag: https://amzn.to/3gUaimW  Audio Recorder: https://amzn.to/3B2LU9B   -------------------------------------------------------------------------------------------------------------------------------  FOLLOW ME On My Social Medias! TikTok: https://www.tiktok.com/@tonytechbytes   YouTube: https://youtube.com/@tonytechbytes  Twitter: https://twitter.com/TonyTechBytes   Instagram: https://www.instagram.com/tonytechbytes/   Twitch: https://www.twitch.tv/tonytechbytes   Solo (all links in one site): https://solo.to/tonytechbytes     TonyTechBytes LLC is a participant in the Amazon Services LLC Associates Program, an affiliate advertising program designed to provide a means for sites to earn advertising fees by advertising and linking to Amazon.com, Amazon.ca, Amazon.co.uk etc. The Amazon Associates Program gives a bit of commission to the creator (without any additional cost to the purchaser) whenever one purchases from the links in the description.",21217,496,0
41,o-X9zihV0FU,Dekoni Audio,2023-01-24 22:09:39+00:00,Sony WH1000XM5 | How To Change Your Earpads,"Learn how to install your ear pads for the Sony WH-1000XM5. The XM5 is Sony‚Äôs latest flagship noise-canceling headphones. Packed with a load of interesting features, it is one of the best traveling headphones. What could make it better? A fresh new set of ear pads. The ear pads we are now offering include the following.  Platinum, utilizing premium synthetic materials while also maintaining affordability. https://dekoniaudio.com/product/dekoni-audio-platinum-series-replacement-ear-pads-for-sony-wh1000xm5-noise-cancelling-headphones/?install  Choice Leather is a synthetic leather-like material that is softer than leather and just as rugged. https://dekoniaudio.com/product/choice-leather-ear-pads-for-sony-wh1000xm5-headphones/  Choice Suede, just like animal leather, Choice Suede is the opposite side of choice leather while offering a fuzzy surface. https://dekoniaudio.com/product/choice-suede-ear-pads-for-sony-wh1000xm5-headphones/  To install Dekoni Audio‚Äôs ear pads for the WH-1000XM5, you must start with the pry tool included in all offerings of WH-1000XM ear pads. Stick the pry tool between the XM5 ear pads and the ear cup and pry away from the headphone. Snap the clips out of the headphone and allow you to detach the ear pad.  For this generation of the Sony WH-1000 series, the ear pads are not symmetrical on both sides. You are able to discern the difference between the two earpads by locating the tiny pins on the back of the earpads. The pins match up with the holes inside the Sony WH1000XM5 earcups.   It's also important to note where the clips are on the mounting side of the earpad. There are clips located at the top and bottom of the ear pad, the centered clip will be attached at the top of the ear cup.  Once you have deciphered the ear pad placement on the XM5, snap the ear pad clips into the ear cup. Make sure they are attached correctly by pressing around the entire ear pad to confirm all clips are seated correctly. Double-check your progress by pulling the ear pad gently away from the ear cup.   Now enjoy your new Dekoni Audio ear pads for the Sony WH-1000XM5!  Engineering note: For this iteration of the Sony WH-1000XM5, the pause/play functionality, when removing your ear cups, is checked by capacitance. When the dust cover releases the capacitor, it will assume the user is wearing the headphone. If we increased the depth of the ear pad to make ears no longer touch the interior of the headphone, it would break functionality. Because of this, we could not offer ear pads with greater depth for comfort purposes.   Are you looking for Sony WH-1000XM3 or XM4 ear pads? Find them at DekoniAudio.com!  XM4 ear pads! https://dekoniaudio.com/?s=xm4&post_type=product&type_aws=true&aws_id=1&aws_filter=1  XM3 ear pads! https://dekoniaudio.com/?s=xm3&post_type=product&type_aws=true&aws_id=1&aws_filter=1  If you are located outside of the United States? Check our international retailer's list to save on customs and shipping fees!  https://dekoniaudio.com/international-dealers/?install",19562,202,0
42,9SgNyEZWyqw,Mark Ellis Reviews,2023-08-22 18:47:39+00:00,The BEST thing about Sony XM5!,"The Sony XM5 aren't perfect, but one element is.",1951,69,0
43,SO_t_OsmI9E,ZeeTek,2022-07-24 15:00:13+00:00,Are the $400 Sony XM5's Worth it? #Shorts,"#shorts #gaming #tech   Link to Products:  Sony XM5's: https://amzn.to/3vblOhs Sony XM4's: https://amzn.to/3PJ1Lic  --------------------------- Please consider hitting the like and subscribe button; it‚Äôs completely free and means we can keep producing more content just like this one for you!  Technology, tech, reviews, gaming, setups, gadgets, keyboard, pc, mouse, custom, gaming mouse, gaming keyboard, mechanical keyboard, build, cool tech under $50,custom keyboard, gaming headset, pc build Tech 2022, best  tech, awesome tech under, gaming, tech review, headphones, laptop, Bluetooth, smart home, Desk setup, gaming desk, best gaming  VeriTech is a Technology and gaming based channel which shows you the best tech, reviews, gaming, setups, and gadgets. We also help you pick the best keyboard, pc, mouse, custom, gaming mouse, gaming keyboard, and tons of other desk or gaming accessories in 2022. So, if you enjoy and want the mechanical keyboard, or like to how to build a PC, cool tech under $50, custom keyboard and lots of other video games or technology products, be sure to subscribe! Here we have our top picks for gaming headset, pc build Tech 2022, best tech, and of course some awesome tech under, gaming, tech review, headphones, laptop, Bluetooth. Thanks for checking out the channel and watch our other videos about smart home, Desk setup, gaming desk, best gaming clips fortnite.",501277,16598,0
44,LdIFoJ_aGE8,Geekyranjit,2022-11-03 04:24:23+00:00,Sony XM5 Review | Best of Sony ANC Headphones?,Sony WH-1000 XM5 review these are the latest flagship ANC (noise cancelling) headphones from Sony and successor to the Sony WH XM4 they have a complete new design and have 8 microphones find out what do I feel about these latest Sony XM5 headphones.  Sony WH-1000XM5 via Amazon India https://amzn.to/3haowQt  Sony WH-1000XM4 headphones https://amzn.to/3DBcDKV'  My other headphones & Earphones review https://www.youtube.com/playlist?list=PLtIc4giS3RKOeX2bxYp-nBk88fAkRJZSc,76971,2636,0
45,hyUeoNEPiq0,Parker Burton,2023-04-22 03:40:24+00:00,Sony XM5 Headphones,,74638,8648,0
46,5AUFQl9n6hw,Soldier Knows Best,2022-05-12 16:14:29+00:00,Sony WH-1000XM5 Review - Worth It Over the XM4?,"Sony XM5: https://www.dpbolvw.net/click-100846293-15324806 (Affiliate Link)  The Sony WH-1000XM5 have been released and I took a close look at how they stack up against the previous WH-1000XM4 to help you decide what to buy.  Other places I hang out:  Facebook: http://facebook.com/skbfans Twitter: http://twitter.com/soldierknowbest Instagram: http://instagram.com/markwatson  Some product links on this page are paid links that help support this channel. Also, as an Amazon Associate I earn from qualifying purchases.  #sony #wh1000xm5 #review",73543,1841,0
47,yEiely-r07g,Monsieur GRrr [FR],2022-05-12 16:41:07+00:00,Sony WH-1000XM5 - Similairement Diff√©rent,"Acheter le Sony WH-1000 XM5 : https://amzn.to/3tJYkz1  J'ai ador√© le WH-1000XM3. Beaucoup aim√© √©galement le WH-1000XM4. Autant vous dire que j'attendais avec impatience l'arriv√©e du Sony WH-1000XM5. Et j'ai pas √©t√© d√©√ßu.  Sony a revu copie tout en gardant ce qui a fait le succ√®s de ses casques haut de gamme.  Vendu √† 420‚Ç¨, le Sony WH-1000XM5 est cher. Tr√®s cher. Peut-√™tre m√™me trop cher.  Mais qu'a-t-on pour ce prix ? Quelles sont les nouveaut√©s apport√©es au WH-1000XM5 ? Faut-il succomber ?  C'est ce que l'on va voir ici.  #SonyWH-1000XM5 #Sony #WH1000XM5  ___   ‚ñ∂ En live du lundi au vendredi sur Twitch : https://www.twitch.tv/monsieur_grrr  ‚ñ∂ D√©couvrez mon PODCAST : https://smartlink.ausha.co/frequence-grrr  ‚ñ∂ Rejoignez la Team GRrr : https://www.youtube.com/channel/UCTOAKgwfqqCbOytF3RNGGVw/join  ‚ñ∂ ABONNEZ-VOUS √Ä MA CHAINE (c'est GRATUIT) : http://bit.ly/2gV0F2n  ___   Vid√©o upload√©e en fibre Bouygues Telecom. D√©couvrez les offres ici : http://bit.ly/Fibre2020.  ___   Vous √™tes cr√©ateur ? T√©l√©chargez les meilleures musiques sur Artlist : http://bit.ly/2M8Pd6j  ___   MON SITE ‚Äî https://www.monsieurgrrr.fr INSTAGRAM ‚Äî https://www.instagram.com/monsieur_grrr/ SNAPCHAT ‚Äî monsieurgrrr  TWITTER ‚Äî https://twitter.com/MonsieurGRrr FACEBOOK ‚Äî https://www.facebook.com/jesuismonsieurgrrr  ___   MA CAM√âRA : http://bit.ly/2XOJ5Ue MON MICRO CRAVATE SANS FIL : https://amzn.to/2HE7TEY MICRO : http://amzn.to/2CZfVXW TREPIED : http://amzn.to/2yUlVy5 MON ANCIEN MICRO CRAVATE (pas cher) : http://amzn.to/2mNnJoa √âCLAIRAGE : http://amzn.to/2nJ8fAG ANCIEN MICRO : http://amzn.to/2nrQj1I TR√âPIED SMARTPHONE : http://amzn.to/2n05H1X MICRO SMARTPHONE : http://amzn.to/2nJV4jU  ___   ‚ñ∂ ECRIVEZ-MOI: Aur√©lien GRANET Monsieur GRrr 49, rue de Ponthieu 75008 Paris FRANCE  ___   ‚ñ∂ LIENS D'AFFILIATION: Je place des liens d'affiliation dans mes descriptions. Je ne recommande que des produits auxquels je crois et que j'appr√©cie. Je vous remercie √©norm√©ment si vous achetez un produit via un de mes liens d'affiliation. Cela me permet de faire √©voluer ma chaine et de vous offrir un contenu riche et de qualit√©. Votre soutien est mon premier moteur.",72460,2128,0
48,LEcBOGCAQUI,AuthenTech - Ben Schmanke,2022-06-17 13:00:18+00:00,Sony WH-1000XM5: The BEST Headphones?,"The best over-ear headphones just got better? Comfortable, light-weight, plush, incredible ANC, and awesome sound. üéß  #shorts   Sony WH-1000XM5: https://amzn.to/3xwRs9N  TikTok: https://www.tiktok.com/@schmanke Instagram: https://instagram.com/schmanke  Disclosure: some of the links I use are affiliate links, this means I may receive a small commission at no cost to you.",459769,13082,0
49,VGaV_YJhWqo,GYMCADDY,2022-09-19 15:15:03+00:00,Sennheiser Momentum 4 Vs Sony 1000XM5 Vs Sony 1000XM4,